Strike,CallImpliedVol,PutImpliedVol,At-the-money
250.0,0.7364521150172201,0.6102521881067808,False
255.0,,0.5909110936751921,False
260.0,0.680222523178474,0.580733075295801,False
265.0,0.5760878751223966,0.5620565628124593,False
270.0,0.6775157199415404,0.5523508622178314,False
275.0,,0.540691878345053,False
280.0,,0.5284165693492366,False
285.0,0.6127579389655178,0.5163632098441018,False
290.0,0.5212705961290164,0.508034424071108,False
295.0,0.5528623815205528,0.4942087644393785,False
300.0,0.548487279791707,0.4806210206189188,False
303.0,0.482734298488716,0.47614470299836026,False
305.0,0.5332917787939653,0.4704497534035348,False
310.0,0.5068082745840646,0.4586654467937684,False
312.0,0.4815588888632516,0.45461431355854803,False
313.0,0.47527792415915165,0.45108134232202507,False
315.0,0.4462564561271293,0.4470745525829915,False
318.0,0.4640777652512246,0.44105290359238614,False
320.0,0.47623123408507595,0.43723034519086584,False
321.0,0.43182308549709053,0.4336466448593773,False
322.0,0.43448563174183025,0.43119408668625847,False
323.0,0.48249351566192417,0.4287488211118465,False
324.0,0.4497617721547304,0.42631151876852447,False
325.0,0.4637281846794838,0.42388195021271047,False
326.0,0.4224634650686362,0.42034768479503465,False
327.0,0.4562152503799549,0.41904576918720315,False
329.0,0.4511644402195135,0.4142401494338382,False
330.0,0.44733626624333356,0.41295381525582514,False
331.0,0.41413213991468684,0.4116713540958797,False
332.0,0.4124689053625245,0.40818907635450513,False
333.0,0.4502498496035092,0.4064777517915636,False
335.0,0.420289208932866,0.400965625163492,False
337.0,0.42860913580572185,0.3971511811411264,False
339.0,0.41211985879859925,0.39170122845628097,False
340.0,0.40712004295496274,0.38981688193209046,False
345.0,0.36411477739746817,0.37883595350584554,False
350.0,0.36810175556584873,0.3654662627771892,False
355.0,0.36338514739759303,0.35390802255787446,False
360.0,0.33971811130190555,0.34262777519264165,False
365.0,0.32442126404690463,0.33029035877623536,False
367.0,0.3403181805017661,0.32598564779721834,False
368.0,0.3162575191686318,0.32432529497443774,False
369.0,0.30506909720532466,0.3217048235330376,False
370.0,0.3255040115512183,0.31909163656159667,False
371.0,0.3073178944624813,0.3171856772836687,False
372.0,0.3029468833292171,0.31422854746046985,False
373.0,0.31559998503948733,0.31281270229834546,False
374.0,0.30593938391235653,0.30986956238380065,False
375.0,0.3094414316524192,0.3069345813455742,False
376.0,0.2906247253403582,0.3055353032565489,False
377.0,0.3033169995197617,0.303377241808693,False
378.0,0.29967293651889604,0.3004635926842245,False
379.0,0.28593843494469745,0.29907888104550107,False
380.0,0.29478730897690036,0.29617897722124714,False
381.0,0.28583798970896945,0.2946303239305514,False
382.0,0.28933368889853045,0.2914238029022418,False
383.0,0.275690391444367,0.2894540404555342,False
384.0,0.2732938275419437,0.28718315587303506,False
385.0,0.28528206841738446,0.28461238251784526,False
386.0,0.27850165396394194,0.2817428929877461,False
387.0,0.26202640363181484,0.2804079443246765,False
388.0,0.26201204710701775,0.2778568902248166,False
389.0,0.2637963596208474,0.27592159288209916,False
390.0,0.25961994444232683,0.2739896654312724,False
391.0,0.2586216551063609,0.2715677817679968,False
392.0,0.25536460875816236,0.26863598016857154,False
393.0,0.26053013411811815,0.2662123307804717,False
394.0,0.2514483190043804,0.26379478480923824,False
395.0,0.25029179864376455,0.26188240823260744,False
396.0,0.24793101239515777,0.2594773268548576,False
397.0,0.2499163496186886,0.2573272087877205,False
398.0,0.24640526855931075,0.25518229607102044,False
399.0,0.2445209319904969,0.253253122049754,False
400.0,0.24231883284568384,0.2506275416705286,False
401.0,0.23850956587680963,0.24800903392411147,False
402.0,0.23909555102518562,0.24539741193647954,False
403.0,0.23289496787617914,0.24341331795393398,False
404.0,0.23169970088992753,0.24143431705890497,False
405.0,0.2321684696533804,0.23904786421211663,False
406.0,0.23408794973021615,0.2368724070355065,False
407.0,0.22609408383821014,0.2346178545616242,False
408.0,0.22288407366853802,0.2321237950156987,False
409.0,0.22590980476667918,0.22946162906972375,False
410.0,0.22349349444056113,0.22715570024025256,False
411.0,0.22021373702721087,0.2250298763623922,False
412.0,0.2134660042399082,0.22256114987776013,False
413.0,0.21259526892750763,0.2202709094331666,False
414.0,0.21147866550122404,0.21735286351446134,False
415.0,0.2085134677410645,0.21546540370846762,False
416.0,0.2075045548323036,0.21268321224876255,False
417.0,0.20526466171600538,0.21065684576303637,False
418.0,0.204791549818907,0.20788816774836422,False
419.0,0.200100282320473,0.20617046542514053,False
420.0,0.20061123895009647,0.20342313970526743,False
421.0,0.1952622152969315,0.2005855230277902,False
422.0,0.19272322612180667,0.19854084820137716,False
423.0,0.19048516735124993,0.196108888881488,False
424.0,0.19148233008202437,0.1936830571171865,False
425.0,0.18661443519906368,0.1917443397606973,False
426.0,0.18595879479647037,0.18866144255984924,False
427.0,0.18364099890392782,0.18628389193597925,False
428.0,0.1790239675283236,0.18391289641376501,False
429.0,0.17819437433203308,0.18143135054472953,False
430.0,0.176990362692351,0.17883527592137075,False
431.0,0.17291440738810912,0.1762082180499936,False
432.0,0.1698258435173213,0.17358822861857912,False
433.0,0.16767371781510504,0.1712885317786167,False
434.0,0.16515892462892648,0.16867970873236304,False
435.0,0.1624020605879251,0.16642489646684808,False
436.0,0.16077059587961076,0.16361352701156748,False
437.0,0.15882614311686782,0.16090550704992163,False
438.0,0.1559798977076684,0.15868211415817213,False
439.0,0.15372207835592513,0.15570793572933306,False
440.0,0.14964780546544326,0.1529258632779006,False
441.0,0.14866706943296956,0.15068812988467425,False
442.0,0.1457708796247717,0.14844239023746453,False
443.0,0.14286200210533226,0.14509454782716297,False
444.0,0.13975592889566082,0.1431159501404234,False
445.0,0.1374440132721488,0.1399489652047908,False
446.0,0.13404976295154233,0.13724334849693384,False
447.0,0.13181011561345737,0.1347078179359493,False
448.0,0.13016040349020208,0.13217016158109518,False
449.0,0.1280995290671446,0.1294530775038455,False
450.0,0.12531820125225918,0.12778097106717282,False
451.0,0.12256955764360368,0.12539287810386152,True
452.0,0.12029051432640725,0.12276657848499134,False
453.0,0.11795481530751852,0.12037395642912106,False
454.0,0.11540669585134151,0.11723771407548396,False
455.0,0.11299196423700085,0.11596140471478962,False
456.0,0.11087793626371255,0.11410256671212281,False
457.0,0.10866857588005331,0.11139509304430292,False
458.0,0.10737117960865802,0.10945409774462343,False
459.0,0.10545949017411223,0.1080729701765916,False
460.0,0.10356050152004237,0.10571044398790924,False
461.0,0.10235237865557922,0.10471252648294412,False
462.0,0.1002388963975341,0.10259444753401623,False
463.0,0.0988541842182117,0.10100682396499529,False
464.0,0.09778481103656977,0.10117729872221061,False
465.0,0.09691823866484796,0.09898926405197045,False
466.0,0.09635532871824189,0.0979482099064191,False
467.0,0.09568088949129694,0.10003072112719875,False
468.0,0.09492356396834795,0.09911771661256041,False
469.0,0.09445064101706653,0.09737713995495939,False
470.0,0.09457210419119631,0.10034204663959387,False
471.0,0.09447222212216023,0.10025438260899575,False
472.0,0.09450432152226013,0.10037841050724543,False
473.0,0.09419924650713497,0.1008378981625643,False
474.0,0.09451120557288016,0.1036488394154456,False
475.0,0.0951484396613054,0.10288745656926285,False
476.0,0.09541033383690567,0.09615828379624804,False
477.0,0.09566244946465806,0.10465382075956295,False
478.0,0.09590496245801879,0.10045627082257037,False
479.0,0.09698364485150195,0.10147927933277795,False
480.0,0.0972485756306432,0.10193291918978661,False
481.0,0.09760797193191323,0.10674762195973564,False
482.0,0.09862338324699968,0.09276367425595888,False
483.0,0.09912236152012982,0.09768502280845397,False
485.0,0.10010984832717214,0.11621372685736764,False
490.0,0.10493878198758727,,False
